{"latitude_deg": -6.199999999999999, "longitude_deg": 106.816666, "relative_altitude_m": 50.000003814697266}